{
    "name": "Rain Burns",
    "description": "''Phil the rain is burning me right now...''\nThe rain burns you!",
    "condition": {
        "type": "origins:in_rain"
    },
    "type": "origins:stacking_status_effect",
    "min_stacks": 0,
    "max_stacks": 3,
    "duration_per_stack": 30,
    "effects": [
        {
            "effect": "minecraft:poison",
            "duration": 100,
            "amplifier": 1,
            "is_ambient": true,
            "show_particles": false,
            "show_icon": true
        },
        {
            "effect": "minecraft:weakness",
            "duration": 100,
            "amplifier": 3,
            "is_ambient": true,
            "show_particles": false,
            "show_icon": true
        }
    ]
}