{
    "name": "Water Burns",
    "description": "Water not pog",
    "hidden": true,
    "condition": {
        "type": "origins:in_block",
        "block_condition": {
            "type": "origins:fluid"
        }
    },
    "type": "origins:stacking_status_effect",
    "min_stacks": 1,
    "max_stacks": 3,
    "duration_per_stack": 30,
    "effect": {
        "effect": "minecraft:poison",
        "duration": 100,
        "amplifier": 0,
        "is_ambient": true,
        "show_particles": false,
        "show_icon": true
    },
    "effects": [
        {
            "effect": "minecraft:slowness",
            "duration": 100,
            "amplifier": 0,
            "show_particles": true,
            "show_icon": true
        }
    ]
}