{
    "name": "Blue Medicine",
    "description": "''Blue will take away the pain!'' You really really really like cornflowers!",
    "condition": {
        "type": "origins:block_in_radius",
        "block_condition": {
            "type": "origins:in_tag",
            "tag": "minecraft:flowers"
        },
        "radius": 10,
        "shape": "cube",
        "comparison": ">=",
        "compare_to": 9
    },
    "type": "origins:action_over_time",
    "interval": 40,
    "entity_action": {
        "type": "origins:and",
        "actions": [
            {
                "type": "origins:apply_effect",
                "effect": {
                    "effect": "minecraft:regeneration",
                    "duration": 200,
                    "amplifier": 0,
                    "show_particles": true,
                    "show_icon": true
                }
            },
            {
                "type": "origins:apply_effect",
                "effect": {
                    "effect": "minecraft:saturation",
                    "duration": 200,
                    "amplifier": 0,
                    "show_particles": true,
                    "show_icon": true
                }
            }
        ]
    }
}